{
  "d1_random": {
    "count": 25,
    "avg_reward": 4.748971914974769,
    "max_reward": 6.145309720533474,
    "min_reward": 3.286918042402663,
    "avg_steps": 50.0,
    "avg_downtime": 50.0,
    "avg_belief_accuracy": 0.0,
    "avg_contained": 0.0,
    "win_rate": 0.0
  },
  "d1_heuristic": {
    "count": 25,
    "avg_reward": 7.576371914974769,
    "max_reward": 8.156789055121584,
    "min_reward": 6.6214451538370955,
    "avg_steps": 50.0,
    "avg_downtime": 50.0,
    "avg_belief_accuracy": 0.0,
    "avg_contained": 0.0,
    "win_rate": 0.0
  },
  "d1_llm": {
    "count": 25,
    "avg_reward": 6.951571914974769,
    "max_reward": 8.156789055121584,
    "min_reward": 5.031445153837097,
    "avg_steps": 50.0,
    "avg_downtime": 50.0,
    "avg_belief_accuracy": 0.0,
    "avg_contained": 0.0,
    "win_rate": 0.0
  },
  "d2_random": {
    "count": 25,
    "avg_reward": 10.924181909569466,
    "max_reward": 14.45003654183309,
    "min_reward": 1.6962379247305561,
    "avg_steps": 90.0,
    "avg_downtime": 90.0,
    "avg_belief_accuracy": 0.0,
    "avg_contained": 0.0,
    "win_rate": 0.0
  },
  "d2_heuristic": {
    "count": 25,
    "avg_reward": 13.404854365582088,
    "max_reward": 17.083583604719628,
    "min_reward": 2.170575980170335,
    "avg_steps": 90.0,
    "avg_downtime": 90.0,
    "avg_belief_accuracy": 0.0,
    "avg_contained": 0.0,
    "win_rate": 0.0
  },
  "d2_llm": {
    "count": 25,
    "avg_reward": 14.230454365582085,
    "max_reward": 17.39272745834236,
    "min_reward": 2.170575980170335,
    "avg_steps": 90.0,
    "avg_downtime": 90.0,
    "avg_belief_accuracy": 0.0,
    "avg_contained": 0.0,
    "win_rate": 0.0
  }
}