{
  "d1_random": {
    "count": 5,
    "avg_reward": 5.285124111944013,
    "max_reward": 6.145309720533474,
    "min_reward": 3.679921452621753,
    "avg_steps": 50.0,
    "avg_downtime": 50.0,
    "avg_belief_accuracy": 0.0,
    "avg_contained": 0.0,
    "win_rate": 0.0
  },
  "d1_heuristic": {
    "count": 5,
    "avg_reward": 7.809124111944013,
    "max_reward": 8.156789055121584,
    "min_reward": 7.1499214526217525,
    "avg_steps": 50.0,
    "avg_downtime": 50.0,
    "avg_belief_accuracy": 0.0,
    "avg_contained": 0.0,
    "win_rate": 0.0
  },
  "d1_llm": {
    "count": 5,
    "avg_reward": 6.563124111944013,
    "max_reward": 8.156789055121584,
    "min_reward": 5.49992145262175,
    "avg_steps": 50.0,
    "avg_downtime": 50.0,
    "avg_belief_accuracy": 0.0,
    "avg_contained": 0.0,
    "win_rate": 0.0
  },
  "d2_random": {
    "count": 5,
    "avg_reward": 6.554333333333332,
    "max_reward": 7.437499999999998,
    "min_reward": 4.487499999999999,
    "avg_steps": 55.0,
    "avg_downtime": 55.0,
    "avg_belief_accuracy": 0.0,
    "avg_contained": 0.0,
    "win_rate": 0.0
  },
  "d2_heuristic": {
    "count": 5,
    "avg_reward": 8.166499999999997,
    "max_reward": 8.832499999999994,
    "min_reward": 7.385000000000001,
    "avg_steps": 55.0,
    "avg_downtime": 55.0,
    "avg_belief_accuracy": 0.0,
    "avg_contained": 0.0,
    "win_rate": 0.0
  },
  "d2_llm": {
    "count": 5,
    "avg_reward": 8.472499999999998,
    "max_reward": 8.915000000000001,
    "min_reward": 7.652499999999998,
    "avg_steps": 55.0,
    "avg_downtime": 55.0,
    "avg_belief_accuracy": 0.0,
    "avg_contained": 0.0,
    "win_rate": 0.0
  }
}