{
  "total_scenarios": 1185,
  "training_samples": 1185,
  "grpo_data_file": "training\\grpo_data\\grpo_training_data.json.gz",
  "statistics": {
    "difficulty_1": {
      "count": 297,
      "avg_reward": 0.1560606060606061,
      "std_reward": 0.05187043263219301
    },
    "difficulty_2": {
      "count": 296,
      "avg_reward": 0.15000000000000002,
      "std_reward": 0.0
    },
    "difficulty_3": {
      "count": 296,
      "avg_reward": 0.1560810810810811,
      "std_reward": 0.051956779532336336
    },
    "difficulty_4": {
      "count": 296,
      "avg_reward": 0.15000000000000002,
      "std_reward": 0.0
    }
  }
}